<?xml version="1.0" encoding="UTF-8" standalone="yes"?>
<addons>
< addon  id = " plugin.video.uwc "
       name="Gay ShowBox"
       version="0.0.1"
       provider-name="kodirepo">
    <requires>
        <import addon="xbmc.python" version="2.1.0"/>
    </requires>
    <extension point="xbmc.python.pluginsource"
               library="default.py">
        <provides>video</provides>
    </extension>
    <extension point="xbmc.addon.metadata">
        <platform>all</platform>
        <license>GPL 2.0</license>
        <summary lang="en">Watch [COLOR red][B]ADULT[/B][/COLOR] Movies with Gay ShowBox</summary>
        <description lang="en">Watch [COLOR red][B]ADULT[/B][/COLOR] Movies with Gay ShowBox</description>
		<disclaimer lang="en">The author does not host or distribute any of the content displayed by this addon. The author does not have any affiliation with the content provider.</disclaimer>
    </extension>
</addon>

<addon id="repository.gayshowbox" name="GayShowBox Repo" version="0.0.1" provider-name="kodirepo">
	<extension point="xmbc.addon.repository" name="GayShowBox Repo">
		<info compressed="false">http://raw.github.com/kodirepo/GayShowBox-v0.0.1/master/addons.xml</info>
		<checksum>http://raw.github.com/kodirepo/GayShowBox-v0.0.1/master/addons.xml.md5</checksum>
		<datadir zip="true">http://raw.github.com/kodirepo/GayShowBox-v0.0.1/master</datadir>
	</extension>
	<extension point="xbmc.addon.metadata">
		<summary>The Official GayShowBox repository</summary>
		<description>This repository contains addons that are for adults only. You may only view the contents of this repository if you are at least 18 years of age, or at least the age of majority in the jurisdiction where you reside or from which you access this content.</description>
		<disclaimer>The owners and submitters to this repository do not host or distribute any of the content displayed by these addons nor do they have any affiliation with the content providers.</disclaimer>
		<platform>all</platform>
	</extension>
</addon>
</addons>